No,Images,MIR,MIG,MIB,VHR,VHG,VHB,SER,SEG,SEB
1,01_Airplane.bmp,177.58,177.85,190.21,678408.69,682492.25,1107862.88,6.717767,6.798980,6.213774
2,02_Baboon.bmp,137.39,128.86,113.12,82841.04,142810.30,79944.11,7.706670,7.474432,7.752215
3,03_Lena.bmp,180.22,99.05,105.41,254331.75,113934.02,344337.06,7.253103,7.594038,6.968430
4,04_Peppers.bmp,149.82,115.57,66.53,213192.86,318386.94,491428.59,7.338830,7.496255,7.058304
5,05_Sailboat.bmp,131.01,124.30,114.89,196696.31,130156.55,344570.38,7.312387,7.642854,7.213643
6,06_Splash.bmp,176.27,70.49,79.93,605664.38,770920.44,1479020.62,6.948061,6.884456,6.126450
